{
  "winner": "ARIMAX",
  "deployment_spec": "ARIMAXLaggedBudgetMixSeasonal",
  "deployment_spec_description": "Version estacional del mix retardado con componente anual SARIMAX para capturar mejor cambios recientes.",
  "deployment_target_transform": "level",
  "deployment_seasonal_order": [
    1,
    0,
    0,
    52
  ],
  "benchmark_spec": "ARIMAXLaggedBudgetMixLogSeasonal",
  "benchmark_spec_description": "Variante logaritmica y estacional del mix retardado para reducir heterocedasticidad y suavizar cambios de nivel.",
  "benchmark_target_transform": "log1p",
  "benchmark_seasonal_order": [
    1,
    0,
    0,
    52
  ],
  "selected_order": [
    2,
    1,
    0
  ],
  "test_2024_baseline_sales": 193044769.67528534,
  "test_2024_media_sales": 2622.715378961526,
  "test_2024_media_sales_share_pct": 0.001358586275878834,
  "train_metrics": {
    "mape": 1.6577527188944012,
    "smape": 2.103082113387163,
    "wmape": 1.3638321659965698,
    "mae": 37187.497745000095,
    "rmse": 126883.0454561425,
    "bias": -8364.323859110646,
    "r2": 0.9569348674167312
  },
  "test_metrics": {
    "mape": 2.7712459179306075,
    "smape": 2.8167158078743126,
    "wmape": 2.77414785918212,
    "mae": 105927.43171799363,
    "rmse": 114331.69474012851,
    "bias": -105927.43171799363,
    "r2": -32.81034677657176,
    "aic": 3691.9547319694925
  },
  "benchmark_test_metrics": {
    "mape": 1.4886311289769232,
    "smape": 1.497756399727232,
    "wmape": 1.4897200134165594,
    "mae": 56883.130608126536,
    "rmse": 74638.13882317701,
    "bias": -19735.67024344195,
    "r2": -13.40913616981866,
    "aic": -815.2057356927724
  },
  "required_benchmark_summary": [
    {
      "spec": "DynamicLassoLaggedX",
      "description": "Lasso dinamico con exogenas y rezagos de ventas, como challenger regularizado.",
      "validation_mean_mape": 2.7888615513444766,
      "validation_mean_mae": 89750.36409764527,
      "validation_mean_rmse": 93484.34442612613,
      "validation_mean_bias": -89750.36409764527,
      "validation_mean_r2": -20.074740972768605,
      "test_2024_mape": 5.255517774352193,
      "test_2024_mae": 200781.1564396278,
      "test_2024_rmse": 202645.03627061917,
      "test_2024_bias": -200781.1564396278,
      "test_2024_r2": -105.21559432970946,
      "delta_vs_arimax_validation_mape": -1.4194735420626472,
      "delta_vs_arimax_validation_rmse": -52155.899662331474,
      "delta_vs_arimax_test_mape": 2.4842718564215858,
      "delta_vs_arimax_test_rmse": 88313.34153049065,
      "validation_rank_mape": 1,
      "test_rank_mape": 4
    },
    {
      "spec": "ARIMABaselineNoExog",
      "description": "ARIMA sin variables exogenas.",
      "validation_mean_mape": 4.0855463341149,
      "validation_mean_mae": 132172.6472494568,
      "validation_mean_rmse": 152682.7482846929,
      "validation_mean_bias": 5001.16056837287,
      "validation_mean_r2": -53.77273322578442,
      "test_2024_mape": 6.3512260450227505,
      "test_2024_mae": 242725.65616012271,
      "test_2024_rmse": 274958.5311348311,
      "test_2024_bias": -242725.65616012271,
      "test_2024_r2": -194.5468124799347,
      "delta_vs_arimax_validation_mape": -0.12278875929222366,
      "delta_vs_arimax_validation_rmse": 7042.504196235299,
      "delta_vs_arimax_test_mape": 3.579980127092143,
      "delta_vs_arimax_test_rmse": 160626.83639470255,
      "validation_rank_mape": 2,
      "test_rank_mape": 5
    },
    {
      "spec": "ARIMAX",
      "description": "ARIMAX final con exogenas y dinamica temporal.",
      "validation_mean_mape": 4.208335093407124,
      "validation_mean_mae": 134690.94621899258,
      "validation_mean_rmse": 145640.2440884576,
      "validation_mean_bias": 134690.94621899258,
      "validation_mean_r2": -51.476062671424216,
      "test_2024_mape": 2.7712459179306075,
      "test_2024_mae": 105927.43171799363,
      "test_2024_rmse": 114331.69474012851,
      "test_2024_bias": -105927.43171799363,
      "test_2024_r2": -32.81034677657176,
      "delta_vs_arimax_validation_mape": 0.0,
      "delta_vs_arimax_validation_rmse": 0.0,
      "delta_vs_arimax_test_mape": 0.0,
      "delta_vs_arimax_test_rmse": 0.0,
      "validation_rank_mape": 3,
      "test_rank_mape": 1
    },
    {
      "spec": "DynamicElasticNetLaggedX",
      "description": "Elastic Net dinamico con exogenas y rezagos de ventas, como challenger flexible.",
      "validation_mean_mape": 7.46402114202816,
      "validation_mean_mae": 233516.67769071995,
      "validation_mean_rmse": 235966.90988444458,
      "validation_mean_bias": -233516.67769071995,
      "validation_mean_r2": -206.44286463846998,
      "test_2024_mape": 5.24407875956516,
      "test_2024_mae": 200344.05570665954,
      "test_2024_rmse": 202165.0486640925,
      "test_2024_bias": -200344.05570665954,
      "test_2024_r2": -104.71302302247294,
      "delta_vs_arimax_validation_mape": 3.255686048621036,
      "delta_vs_arimax_validation_rmse": 90326.66579598698,
      "delta_vs_arimax_test_mape": 2.4728328416345526,
      "delta_vs_arimax_test_rmse": 87833.35392396398,
      "validation_rank_mape": 4,
      "test_rank_mape": 2
    },
    {
      "spec": "DynamicRidgeLaggedX",
      "description": "Ridge dinamico con exogenas y rezagos de ventas, sin estructura ARIMA explicita.",
      "validation_mean_mape": 8.203889761735457,
      "validation_mean_mae": 257197.76540013668,
      "validation_mean_rmse": 259164.20964414964,
      "validation_mean_bias": -257197.76540013668,
      "validation_mean_r2": -239.12002814182733,
      "test_2024_mape": 5.252475206144737,
      "test_2024_mae": 200665.66367032903,
      "test_2024_rmse": 202530.72629449147,
      "test_2024_bias": -200665.66367032903,
      "test_2024_r2": -105.09579788339602,
      "delta_vs_arimax_validation_mape": 3.9955546683283334,
      "delta_vs_arimax_validation_rmse": 113523.96555569203,
      "delta_vs_arimax_test_mape": 2.48122928821413,
      "delta_vs_arimax_test_rmse": 88199.03155436295,
      "validation_rank_mape": 5,
      "test_rank_mape": 3
    },
    {
      "spec": "NaiveLast",
      "description": "Ultima venta observada repetida en todo el horizonte.",
      "validation_mean_mape": 8.814221625269203,
      "validation_mean_mae": 284366.9969230769,
      "validation_mean_rmse": 285119.5337094867,
      "validation_mean_bias": -284366.9969230769,
      "validation_mean_r2": -191.47449534841888,
      "test_2024_mape": 11.79245913061939,
      "test_2024_mae": 450369.8853846155,
      "test_2024_rmse": 450798.90536057693,
      "test_2024_bias": -450369.8853846155,
      "test_2024_r2": -524.6323047191943,
      "delta_vs_arimax_validation_mape": 4.60588653186208,
      "delta_vs_arimax_validation_rmse": 139479.2896210291,
      "delta_vs_arimax_test_mape": 9.021213212688782,
      "delta_vs_arimax_test_rmse": 336467.2106204484,
      "validation_rank_mape": 6,
      "test_rank_mape": 7
    },
    {
      "spec": "SeasonalNaive52",
      "description": "Modelo estacional simple: misma semana del ano anterior.",
      "validation_mean_mape": 11.468230259743967,
      "validation_mean_mae": 367708.744423077,
      "validation_mean_rmse": 368795.3610726478,
      "validation_mean_bias": -367708.744423077,
      "validation_mean_r2": -334.4467511476888,
      "test_2024_mape": 11.251875466852992,
      "test_2024_mae": 429735.8249999999,
      "test_2024_rmse": 430755.9389154089,
      "test_2024_bias": -429735.8249999999,
      "test_2024_r2": -478.9310968338727,
      "delta_vs_arimax_validation_mape": 7.259895166336843,
      "delta_vs_arimax_validation_rmse": 223155.1169841902,
      "delta_vs_arimax_test_mape": 8.480629548922384,
      "delta_vs_arimax_test_rmse": 316424.2441752804,
      "validation_rank_mape": 7,