{
  "winner": "ProjectedPartialWeekD4Ridge",
  "winner_description": "Nowcast hasta el jueves usando proyeccion de semana completa desde pedidos y trafico parciales.",
  "baseline_test_metrics": {
    "mape": 5.630584517216569,
    "smape": 3.0600344747224635,
    "wmape": 2.320008079985563,
    "mae": 87393.62099056604,
    "rmse": 382367.45183824626,
    "bias": 31665.46551886793,
    "r2": -0.06030475749621611,
    "rows": 53,
    "alpha": null
  },
  "historical_test_metrics": {
    "mape": 5.738007538133001,
    "smape": 3.0427996272284425,
    "wmape": 2.33375199916389,
    "mae": 87911.3480079664,
    "rmse": 387692.1108037,
    "bias": 65917.40644185638,
    "r2": -0.0900409248258498,
    "rows": 53,
    "alpha": 0.05736152510448681,
    "l1_ratio": 0.5,
    "fold": "test_2024",
    "spec": "HistoricalLagElasticNet"
  },
  "winner_test_metrics": {
    "mape": 3.331208125021178,
    "smape": 2.184870612601921,
    "wmape": 1.4003891135811952,
    "mae": 52752.003963878975,
    "rmse": 219904.2830767837,
    "bias": 28908.52226354973,
    "r2": 0.6492996068362609,
    "rows": 53,
    "alpha": 0.7896522868499725,
    "fold": "test_2024",
    "spec": "ProjectedPartialWeekD4Ridge"
  }
}